name,link,handler,channel_id
괴물쥐,https://www.youtube.com/@wkdwlghks,@wkdwlghks,UCDBAVzfX3yZ1hah0FHnOoaA
랄로,https://www.youtube.com/@RALO24,@RALO24,UCD2YO_A_PVMgMDN9jpRrpVA
한동숙,https://www.youtube.com/@ukitivi,@ukitivi,UCVJT18d9wSCnDUdnJ9ycO7Q
PAKA,https://www.youtube.com/@paka2,@paka2,UCJpAwvQaZyCI5spAz7tipGA
핑맨,https://www.youtube.com/@PPingMan,@PPingMan,UConOmISJY0oZHRhWGyvdQ2A
전쓰트,https://www.youtube.com/@junsst412,@junsst412,UCD8r5Jgns2V64-NcUmXclpg
강인경,https://www.youtube.com/@Kanginkyung,@Kanginkyung,UCghcdI8LE9qExmfSBubfTKw
명훈,https://www.youtube.com/@ddinghoon,@ddinghoon,UCs0LzOveQMLImmmTrMmP2sg
이석현,https://www.youtube.com/@Kyahahaa,@Kyahahaa,UCVZI7eLie2UlZph6aiBRNrw
삐야기,https://www.youtube.com/channel/UC3wA0h62pmP7wxSGRNMQTvQ,UC3wA0h62pmP7wxSGRNMQTvQ,UC3wA0h62pmP7wxSGRNMQTvQ
블루위키,https://www.youtube.com/@bluewiki1203,@bluewiki1203,UCQreDC73rqiw1wSc_ZYwgHA
버니버니,https://www.youtube.com/@BunnyChannel___,@BunnyChannel___,UCZRH94I89Ps7giJYeK6DlWA
모아요,https://www.youtube.com/@moayo/featured,@moayo,UCtJpqaQ0XAmX5uYZ48crOdQ
류제홍,https://www.youtube.com/c/ryujehong1,ryujehong1,UCtt0Hg9MhraTkzWwNQpplHg
피닉스박,https://www.youtube.com/@Phoenix_Park_93,@Phoenix_Park_93,UCZ6IM7_T-bCmr_7DgAKjYxg
코뚱잉,https://www.youtube.com/@ko1dong,@ko1dong,UC4q2QOe3Ht73lVO-31JnkQQ
아빠킹,https://www.youtube.com/channel/UChfs1dQ5phBDBWZJ1hHLbUA,UChfs1dQ5phBDBWZJ1hHLbUA,UChfs1dQ5phBDBWZJ1hHLbUA
꼬예유,https://www.youtube.com/channel/UCJoWNCiFuiN4eZnB80WUf4Q?view_as=subscriber,UCJoWNCiFuiN4eZnB80WUf4Q,UCJoWNCiFuiN4eZnB80WUf4Q
죠니월드,https://www.youtube.com/@johnnyworld,@johnnyworld,UCzjp53OM5d3QOB8_D6-teBw
신해조,https://www.youtube.com/@moseori,@moseori,UCiCNc3uj8Bnc9bDzHJS058Q
냄새,https://www.youtube.com/@Naemsae,@Naemsae,UCpCBP5cVIBvezPI1LKFMYjA
프로젝트롤,https://www.youtube.com/@ProjectLOL,@ProjectLOL,UC5WxymH7e2H_SGjJyvTb-iA
김용녀,https://www.youtube.com/@b4kking,@b4kking,UCXmdpmRnf5WKMssvByY2Elg
이재석,https://www.youtube.com/@user-np1bi8de2g,@user-np1bi8de2g,UCKiCT33Gmj3mlJ5xh-9ZUqw
THIRD,https://www.youtube.com/@third_lol,@third_lol,UCIJswzd07JQofhj7MpRBjKQ
학살,https://www.youtube.com/@haksal00,@haksal00,UCF7IBIvHZ2be4Ufo8i0uHBw
코브,https://www.youtube.com/@_COV,@_COV,UCcaichs3pJ3d3uDYtNxV-fg
미남홀란드,https://www.youtube.com/@mehaal,@mehaal,UC5KRc5ziRklBZr847171mGA
헤이스트,https://www.youtube.com/@heyst99,@heyst99,UCaiyyjmlyH70au7pzKE4jnQ
김데데,https://www.youtube.com/@KIMDEDE,@KIMDEDE,UC-9v2ASxz8f313YpiMF55eg
미야,https://www.youtube.com/@miyagod,@miyagod,UCfbd9LmpMKe8NFMOHK5ulLQ
이클리피아,https://www.youtube.com/@eclipia1,@eclipia1,UCRZURXN2vyCYzB9eYbSKQiw
추털이,https://www.youtube.com/@chuter2,@chuter2,UCkpKYfb8wM67QnKxBj9bZXA
ATK,https://www.youtube.com/@NATK,@NATK,UCnNxAvUmdeTi437c7PrjKDw
정동글,https://www.youtube.com/@donggeul2,@donggeul2,UCcstDLbuhxEbFKkPZ6wST2A
제갈병춘,https://www.youtube.com/@byungchun0243,@byungchun0243,UCUjLgTTrdIEZ9AswWVkbPlw
스나랑,https://www.youtube.com/@snarang3939,@snarang3939,UCNYV6yOqwfY863iKiGVjGGQ
에스카,https://www.youtube.com/@user-it8xb1pv5u,@user-it8xb1pv5u,UCoIoRtXGGPCaOE0qQHKXjvw
스틸로,https://www.youtube.com/@user-mi3oi4pt1e,@user-mi3oi4pt1e,UC-3GPiUGCTQkVuxAYR9qpwQ
막눈,https://www.youtube.com/@Maknoob,@Maknoob,UC-aMc9rzifR_0LoCLyLWEgg
링규링규링,https://www.youtube.com/@ringkyu,@ringkyu,UCwEj8YSHfHfcLdwyrHoIFCw
소행성612,https://www.youtube.com/@01bd02,@01bd02,UCHnd1_qmZbk0abU8oQGj5xw
모양몬,https://www.youtube.com/@Moyangmon,@Moyangmon,UCLpmJvM-7IUYM9lpvj6WZDg
인섹,https://www.youtube.com/@inSec93,@inSec93,UCJya4-GyYqW4B6uXwB3ryMw
흐쟁이,https://www.youtube.com/@gjgjwnsgur,@gjgjwnsgur,UCWOx-QEaE9bjGHhO5J1mgpQ
지보배,https://www.youtube.com/@krbobae9320,@krbobae9320,UCf_nC60gzDBkO8yP3aX_Hcg
성대,https://www.youtube.com/@Sungdae12,@Sungdae12,UCPoEVLrQMMXICwULGDwfvug
후즈,https://www.youtube.com/@HUZARK,@HUZARK,UC9Qwjghb-J-GGY6sr_-31gw
도개,https://www.youtube.com/@Dogae.,@Dogae,UCo6ImobU2AMzNYBcQsKOMow
롤하는 로봇,https://www.youtube.com/@lol_robot,@lol_robot,UCs__feigbD4dyUjkwejA1sw
고수달,https://www.youtube.com/@gosudal,@gosudal,UCLA_cjXIGW3cBIFDO1iRv-w
석모기,https://www.youtube.com/@mumu,@mumu,UCzfkO3aTWn3YJYXk9we7xXw
지명,https://www.youtube.com/@Ji-Myeong1214,@Ji-Myeong1214,UCybn_0S0Ec6Il1ZhiQM1Vww
순규박,https://www.youtube.com/@GyuPac,@GyuPac,UCaX4Q7_ek4pI0673DU34pcQ
꼴랑이,https://www.youtube.com/@GGollang2,@GGollang2,UC8pxlRLYmYPMctqHyM_-3Ow
윤가놈,https://www.youtube.com/@yunganom,@yunganom,UC20DvGobETQDG_JG048JWAw
정령왕,https://www.youtube.com/@user-gh1ws6gy2g,@user-gh1ws6gy2g,UClY2gt8hKK9uslND8Tur_1w
종원TV,https://www.youtube.com/@jongstar,@jongstar,UC8pqDEzjWIqWFHH_0mqcuZw
2수연,https://www.youtube.com/@leesuyeon123,@leesuyeon123,UCy6AFsqX2J8AoQXAyUS927w
멀럭킹,https://www.youtube.com/@murlockingfull,@murlockingfull,UCyXnkm3Y3gGNtmT1NzWyU7A
1타법사,https://www.youtube.com/@1Wizard,@1Wizard,UCsTRHAo-pfbXOQt8rIAFpGQ
찬우정,https://www.youtube.com/@jcw970,@jcw970,UCDsQ_kjKTMaoRQWc7aOWvJg
송사리,https://www.youtube.com/@SongSaLee0117,@SongSaLee0117,UCbfweOUEhEg1D0CGkAnH-nQ
른쿄,https://www.youtube.com/@user-fg5ih7mw3b,@user-fg5ih7mw3b,UCMRMGruCyWkmF5mp0u0-A7w
핑크자크,https://www.youtube.com/@pinkzac,@pinkzac,UC27Z9W0awxpHEksB7KyJKnw
돌카사,https://www.youtube.com/@dolcasa,@dolcasa,UC0RKbJ4MdTBlgpyfhkmDgCA
또시,https://www.youtube.com/channel/UCCL5nxApyVxV_RyhpASLqhg,UCCL5nxApyVxV_RyhpASLqhg,UCCL5nxApyVxV_RyhpASLqhg
헬리오스,https://www.youtube.com/@TV-ze8yp,@TV-ze8yp,UCZufgkvPMShfQXHoDvrUEJA
